name,role
Jolly, AI Consultant
Rajesh, AI Engineer
Madhuprabhudeva, AI Architect
Shankar, Machine Learning Engineer
Vikram Bundela,SEO Specialist
Jay Jadeja,Health Information Technician
Eva Dwivedi,SEO Specialist
Yash Vishwakarma,Dental Hygienist
Mohan Tiwari,Textile Engineer
Harshit Chopra,Dental Assistant
Ojas Joshi,Environmental Scientist
Yash Rana,Logistics Coordinator
Karan Saxena,Investment Analyst
Chaya Rajput,Biomedical Engineer
Uma Dwivedi,Cloud Engineer
Fahad Tomar,Network Engineer
Kavya Khan,Petroleum Engineer
Meera Tiwari,AI Engineer
Esha Shukla,Compliance Manager
Fatima Saxena,Investment Analyst
Disha Bundela,Cybersecurity Analyst
Yashika Trivedi,IT Consultant
Sanya Gupta,QA Engineer
Farhan Khan,Civil Engineer
Ved Modi,Geological Engineer
Himanshu Menon,Regulatory Affairs Specialist
Fatima Mirza,Environmental Engineer
Farhan Dwivedi,Food Engineer
Jay Mehta,Software Engineer
Esha Malik,Backend Developer
Chirag Rana,Medical Billing Specialist
Disha Desai,Risk Analyst
Ira Rana,Product Manager
Gayatri Rajput,Strategy Consultant
Pranav Bundela,Veterinary Technician
Gita Chandel,Event Coordinator
Olivia Pandit,Risk Analyst
William Tiwari,Research Analyst
Fahad Kaur,Regulatory Affairs Specialist
Esha Ahmed,Environmental Engineer
Jaya Dwivedi,Petroleum Engineer
Zara Rahman,Geological Engineer
Jay Dubey,Mobile Developer
Ved Shah,Logistics Coordinator
Meera Ahmed,Photographer
Kirti Dubey,Animal Care Specialist
Jaya Sheikh,Regulatory Affairs Specialist
Hina Tomar,Mining Engineer
Ishita Menon,Radiology Technician
Mira Tiwari,Marketing Manager
Harshit Chopra,Clinical Research Associate
Xander Nair,Electrical Engineer
Warda Solanki,Cybersecurity Analyst
Deepika Tiwari,Event Coordinator
Neha Tomar,Project Manager
Vikram Chauhan,Security Architect
Sia Solanki,Dental Assistant
Ved Gandhi,Biomedical Engineer
Ishita Trivedi,Project Manager
Naman Chandel,Aerospace Engineer
Zara Jadeja,Animal Care Specialist
Bhavna Mishra,Medical Writer
Tushar Solanki,UX Designer
Gita Mishra,Medical Billing Specialist
Gita Chandel,Health Information Technician
Bina Ansari,Management Consultant
Hina Bundela,Video Editor
Ira Mishra,Agricultural Engineer
Xander Dwivedi,Physician Assistant
Warda Pillai,Food Engineer
Waseem Shukla,Health Information Technician
Ojas Vishwakarma,Radiology Technician
Kirti Saxena,Renewable Energy Specialist
Sanya Shukla,Network Security Engineer
Harsh Saxena,Security Engineer
Kavita Nayar,Information Security Officer
Tushar Parmar,IT Consultant
Ved Solanki,Nurse Practitioner
Bhavna Chauhan,Business Development Manager
Pranav Jadeja,Ocean Engineer
Fahad Shukla,Scrum Master
Aarav Shah,Environmental Scientist
Aarav Dubey,Materials Engineer
Tara Jadeja,Executive Assistant
Sanya Malik,Mechanical Engineer
Bharat Trivedi,Pharmacy Technician
Xena Verma,Research Analyst
Xavier Shah,Aerospace Engineer
Fahad Pillai,AI Engineer
Tushar Bundela,Electrical Engineer
Priya Chopra,Mechanical Engineer
Himanshu Desai,Cybersecurity Analyst
Lakshmi Parmar,Network Engineer
Aadi Rana,Network Engineer
Bina Tomar,Marketing Manager
Zain Vishwakarma,Mechanical Engineer
Olivia Khan,Scrum Master
Zain Jadeja,Supply Chain Manager
Bhavya Desai,Frontend Developer
Esha Bhat,Investment Analyst
Urvi Malhotra,Medical Writer
Pranav Trivedi,Speech Language Pathologist
Ethan Rana,Research Analyst
Deepika Parmar,Ocean Engineer
Ojas Bundela,Industrial Engineer
Disha Ahmed,Procurement Specialist
Disha Solanki,Investment Analyst
Naveen Rathore,Aerospace Engineer
Bhavya Shukla,Radiology Technician
Uma Kapoor,Physical Therapist
Disha Pandit,Sustainability Consultant
Rahul Khan,Dental Hygienist
Xander Modi,Electrical Engineer
Deepika Bhatt,Nuclear Engineer
Mira Rajput,Full Stack Developer
Esha Sharma,Aerospace Engineer
Rohan Thakur,Animal Care Specialist
Zara Tiwari,Quality Assurance Manager
Fatima Bundela,Sales Representative
Lakshay Gandhi,Environmental Scientist
Esha Rathore,Architect
Kavita Saxena,SEO Specialist
Ethan Gupta,Penetration Tester
Aarav Hassan,Environmental Scientist
Pranav Malhotra,Procurement Specialist
Aadi Chauhan,UX Designer
Maya Ahmed,Pharmacy Technician
Ira Yadav,Graphic Designer
Disha Bundela,Medical Assistant
Bhavya Qureshi,Video Editor
Gayatri Shukla,Compliance Officer
Gayatri Khan,IT Consultant
Tanay Saxena,Backend Developer
Mohan Yadav,Security Architect
Farhan Bundela,Petroleum Engineer
Jai Chopra,QA Engineer
Yuvraj Bundela,Materials Engineer
Mira Yadav,Social Media Manager
Ishita Pillai,Wildlife Biologist
Xena Gandhi,Biomedical Engineer
Neha Bundela,Investment Analyst
Deepika Rathore,Digital Marketing Specialist
Nikhil Rana,Nuclear Engineer
Tanay Vishwakarma,Civil Engineer
Yuvraj Tiwari,Financial Analyst
Feroz Rajput,Medical Billing Specialist
Ira Ansari,Chemical Engineer
Vikram Modi,Medical Billing Specialist
Uma Trivedi,Cybersecurity Analyst
Maya Rana,Ocean Engineer
Xavier Joshi,Energy Analyst
Kavita Kaur,Management Consultant
Jai Desai,Textile Engineer
Om Mishra,Nuclear Engineer
Chetan Trivedi,Chemical Engineer
Liam Vishwakarma,Textile Engineer
Tara Chauhan,Biomedical Engineer
Rohan Trivedi,Investment Analyst
Hina Tiwari,Dental Assistant
Aanya Nair,Electrical Engineer
Fatima Desai,Scrum Master
Riya Khan,DevOps Engineer
Om Bundela,Geological Engineer
Warda Patel,SEO Specialist
Aadi Trivedi,Business Intelligence Analyst
Harsh Bundela,Legal Counsel
Laksh Dwivedi,Respiratory Therapist
Disha Joshi,Speech Language Pathologist
Om Desai,Medical Transcriptionist
Jatin Tomar,Physician Assistant
Gauri Khan,Renewable Energy Specialist
Farhan Tiwari,Health Information Technician
Chaya Bundela,Renewable Energy Specialist
Harsh Trivedi,Electrical Engineer
Mohan Bundela,Physical Therapist
Uma Saxena,Security Architect
Ishita Ansari,Renewable Energy Specialist
Vikram Khan,Event Coordinator
Fahad Dubey,Environmental Scientist
Rahul Menon,Data Scientist
Jai Tiwari,Marketing Manager
Arjun Kaur,Database Administrator
Ojas Modi,Content Writer
Ira Iyer,Compliance Manager
Tanish Kaur,Dental Hygienist
Qadir Mirza,Geological Engineer
Jai Dwivedi,Physician Assistant
Aanya Vishwakarma,Video Editor
Aarav Dwivedi,Investment Analyst
Uma Mishra,Logistics Coordinator
Samir Chauhan,Logistics Coordinator
Vanya Hussain,Risk Analyst
Harshit Nair,Respiratory Therapist
Aisha Bundela,Management Consultant
Gayatri Nair,Compliance Officer
Mohan Gupta,Management Consultant
Bhavna Saxena,Animal Care Specialist
Lakshay Yadav,Digital Marketing Specialist
Dev Tiwari,Frontend Developer
Aanya Shah,Environmental Engineer
Rohan Sharma,Nurse Practitioner
Yash Bhat,Ocean Engineer
Jai Tomar,Regulatory Affairs Specialist
Pranav Solanki,Data Engineer
Warda Chandel,UX Designer
Hina Pandit,Medical Transcriptionist
Chirag Rathore,Regulatory Affairs Specialist
William Mehta,Quality Assurance Manager
Deepika Pandit,SEO Specialist
Chirag Kumar,Compliance Officer
Olivia Rathore,Data Analyst
Esha Jadeja,Penetration Tester
Mohan Vishwakarma,Petroleum Engineer
Sanya Bundela,DevOps Engineer
Warda Patel,Procurement Specialist
Waseem Bhatt,Industrial Engineer
Bhavya Shukla,Data Scientist
Gita Patel,Finance Manager
Jay Shukla,Legal Counsel
Aarav Parmar,Clinical Research Associate
Chetan Nayar,Machine Learning Engineer
Tara Saxena,Wildlife Biologist
Neha Parmar,Data Scientist
Olivia Trivedi,Research Analyst
Gita Rana,Food Engineer
Ethan Iyer,Civil Engineer
Aditya Gandhi,Energy Analyst
Rahul Pandit,Social Media Manager
Jatin Khan,Management Consultant
Kavya Tomar,Sustainability Consultant
Mira Vishwakarma,Mining Engineer
Zara Mehta,Information Security Officer
Deepika Malhotra,Event Coordinator
Feroz Khan,UX Designer
Zain Shukla,Aerospace Engineer
Jatin Mehta,Physician Assistant
Rohan Dwivedi,Customer Success Manager
Eva Bhatt,Administrative Assistant
Aisha Ansari,Market Research Analyst
Feroz Rajput,Quality Assurance Manager
Hina Nayar,Business Analyst
Ojas Thakur,Research Analyst
Uma Vishwakarma,Health Information Technician
Chaya Rajput,Marketing Manager
Laksh Chauhan,Project Manager
Naman Vishwakarma,Event Coordinator
Ethan Mishra,Electrical Engineer
Fatima Dwivedi,Materials Engineer
Sneha Gandhi,Scrum Master
Aarav Nair,Network Security Engineer
Urvi Vishwakarma,Customer Success Manager
Neha Modi,Risk Analyst
Xavier Vishwakarma,Data Scientist
Pranav Pandit,Health Information Technician
Tanay Dubey,Wildlife Biologist
Arjun Thakur,Product Manager
Tanish Joshi,Radiology Technician
Jaya Mehta,Video Editor
Ishaan Bhatt,Health Information Technician
Aditya Pillai,Social Media Manager
Qadir Trivedi,Research Analyst
Ira Rajput,Data Analyst
Zoya Modi,Materials Engineer
Harshit Dubey,Procurement Specialist
Warda Patel,Information Security Officer
Aadi Rana,Quality Assurance Manager
Vikram Chauhan,Backend Developer
Ethan Nair,Electrical Engineer
Kavita Yadav,Dental Hygienist
Lakshmi Nair,Operations Manager
Ethan Kapoor,Veterinary Technician
Chirag Mehta,Security Engineer
Sia Mishra,Security Engineer
Ethan Modi,Renewable Energy Specialist
Aisha Dwivedi,Compliance Manager
Disha Bhatt,Quality Assurance Manager
Arjun Tomar,Medical Transcriptionist
Xena Dubey,Mechanical Engineer
Aditya Rathore,Machine Learning Engineer
Sanya Shah,Full Stack Developer
Zara Saxena,Sales Representative
Himanshu Chandel,Textile Engineer
Chirag Thakur,Legal Counsel
Dev Kaur,Management Consultant
Kavita Yadav,Digital Marketing Specialist
Riya Rahman,Video Editor
William Bundela,Cybersecurity Analyst
Uday Dubey,Medical Technologist
Aisha Trivedi,Mobile Developer
Bina Khan,Photographer
Jatin Mishra,Security Architect
Ojas Saxena,Marketing Manager
Dev Shukla,Market Research Analyst
Kavya Iyer,Information Security Officer
Tanay Chauhan,Veterinary Technician
Arjun Saxena,Aerospace Engineer
Harsh Iyer,Laboratory Technician
Naveen Chauhan,Electrical Engineer
Deepika Mishra,Textile Engineer
Ravi Mehta,Animal Care Specialist
Zain Mishra,Legal Counsel
Urvi Thakur,Regulatory Affairs Specialist
Fatima Qureshi,Civil Engineer
Nikhil Chandel,Finance Manager
Bina Mishra,Machine Learning Engineer
Ravi Pillai,Security Architect
Tushar Pillai,Animal Care Specialist
Ishita Bhat,Veterinary Technician
Bharat Ahmed,Executive Assistant
Ravi Reddy,Aerospace Engineer
Uma Desai,Healthcare Administrator
Neha Chauhan,Petroleum Engineer
Samir Solanki,IT Consultant
Lakshmi Sheikh,Business Development Manager
Tushar Khan,Cloud Engineer
Ravi Menon,Risk Analyst
Gauri Jadeja,Agricultural Engineer
Gaurav Mishra,Civil Engineer
Pranav Gandhi,DevOps Engineer
Pranav Gupta,Animal Care Specialist
Gauri Solanki,Healthcare Administrator
Himanshu Saxena,SEO Specialist
Gayatri Bundela,Dental Assistant
Tanay Dubey,Healthcare Administrator
Warda Malik,Database Administrator
Tanay Saxena,Cloud Engineer
Himanshu Reddy,Procurement Specialist
Gayatri Khan,Sustainability Consultant
Gaurav Malik,Physician Assistant
Sneha Rana,Management Consultant
Samir Dwivedi,Aerospace Engineer
Sneha Tiwari,Mobile Developer
Gaurav Patel,Product Manager
Ethan Malhotra,Security Architect
Naman Gandhi,Software Engineer
Mira Pandit,Physical Therapist
Samir Rana,Legal Counsel
Uday Khan,Speech Language Pathologist
Gauri Reddy,QA Engineer
Tara Bundela,Sustainability Consultant
Aditya Rajput,Architect
Nikhil Rathore,UX Designer
Tara Tomar,Business Development Manager
Ovi Desai,Compliance Officer
Kavya Mishra,Human Resources Manager
Maya Rahman,Medical Writer
Jai Dwivedi,Digital Marketing Specialist
Gita Jadeja,AI Engineer
Harshit Gupta,Wildlife Biologist
Naman Hassan,AI Engineer
Rohan Chandel,Legal Counsel
Maya Desai,Investment Analyst
Arjun Solanki,Mechanical Engineer
Aisha Patel,Human Resources Manager
Naman Joshi,Security Engineer
Pranav Menon,Project Manager
Sanya Patel,Energy Analyst
Uma Rahman,Sales Representative
Aisha Yadav,Compliance Manager
Chirag Tiwari,Network Engineer
Tanay Gupta,Respiratory Therapist
Karan Patel,Frontend Developer
Sia Nair,Laboratory Technician
Gayatri Malhotra,Energy Analyst
Harsh Desai,UX Designer
Fatima Bundela,Finance Manager
Uday Mehta,Event Coordinator
Priya Rana,Sales Representative
Tanish Desai,Security Architect
Olivia Dwivedi,Administrative Assistant
Karan Dubey,Project Manager
Warda Solanki,Security Architect
Neha Vishwakarma,IT Consultant
Bina Rathore,Business Intelligence Analyst
Gauri Dwivedi,Project Manager
Sanya Malhotra,UX Designer
Aarav Nair,Customer Success Manager
Chetan Rathore,Partnership Manager
Tanish Malik,Petroleum Engineer
Aisha Patel,Security Architect
Qadir Saxena,Energy Analyst
Esha Malhotra,IT Consultant
Hina Bundela,Technical Lead
Lakshay Sharma,Human Resources Manager
Ovi Solanki,Food Engineer
Xavier Bundela,Medical Assistant
Om Parmar,Pharmacy Technician
Nikhil Dubey,Wildlife Biologist
Laksh Bundela,Healthcare Administrator
Zara Desai,Petroleum Engineer
Zain Mishra,Product Manager
Ishita Bhatt,Aerospace Engineer
Yuvraj Reddy,Electrical Engineer
Yash Patel,Data Engineer
Dev Singh,Sustainability Consultant
Aarav Ahmed,Scrum Master
Nikhil Parmar,Environmental Engineer
Vanya Trivedi,Strategy Consultant
Samir Vishwakarma,Administrative Assistant
Esha Trivedi,Database Administrator
Aditya Jadeja,Market Research Analyst
Ishaan Ali,Procurement Specialist
Karan Dwivedi,Mechanical Engineer
Gauri Rathore,Medical Technologist
Uma Shah,Cybersecurity Analyst
Om Thakur,Software Engineer
Ishaan Ahmed,Geological Engineer
Vikram Reddy,Biomedical Engineer
Eva Rathore,Healthcare Administrator
Chaya Nayar,Architect
Gayatri Mishra,Medical Billing Specialist
Zara Vishwakarma,Mechanical Engineer
Jai Singh,Scrum Master
Kavita Kumar,Industrial Engineer
Ojas Shah,Electrical Engineer
Pooja Rahman,Supply Chain Manager
Naveen Tomar,Dental Assistant
Xander Rajput,SEO Specialist
Chirag Kapoor,Data Scientist
Lakshmi Desai,Content Writer
Xavier Dubey,Project Manager
Urvi Bundela,Agricultural Engineer
Aarav Tomar,Industrial Engineer
Deepika Patel,Business Development Manager
Mohan Gupta,Marketing Manager
Chaya Rajput,Security Engineer
Aisha Rajput,Software Engineer
Nikhil Trivedi,Executive Assistant
Yash Malhotra,Financial Analyst
Ravi Iyer,Security Architect
Riya Kaur,Dental Hygienist
Farhan Menon,Project Manager
Esha Saxena,Business Development Manager
Sneha Mehta,Partnership Manager
Xavier Rathore,Digital Marketing Specialist
Qadir Rathore,Physician Assistant
Mohan Dubey,Energy Analyst
Neha Trivedi,Market Research Analyst
Gauri Nayar,Penetration Tester
Jay Nair,Energy Analyst
Rahul Hassan,Petroleum Engineer
Fahad Ahmed,Partnership Manager
Tara Sheikh,Network Security Engineer
Pranav Mehta,Graphic Designer
Warda Dwivedi,Investment Analyst
Uday Patel,Information Security Officer
Ira Saxena,Environmental Engineer
Aditya Malhotra,Renewable Energy Specialist
Gauri Dwivedi,Occupational Therapist
Uma Tomar,Radiology Technician
Deepika Gandhi,Investment Analyst
Rahul Trivedi,Business Intelligence Analyst
Chaya Mehta,Investment Analyst
Arjun Shukla,Wildlife Biologist
Yuvraj Rahman,Geological Engineer
Tanay Thakur,Quality Assurance Manager
Gaurav Saxena,Materials Engineer
Sanya Mehta,Medical Billing Specialist
Uma Parmar,AI Engineer
Meera Tomar,Product Manager
Zara Bhatt,Food Engineer
Tushar Kapoor,Backend Developer
Mohan Iyer,Healthcare Administrator
Ravi Rajput,Content Writer
Mohan Mirza,Digital Marketing Specialist
Eva Shukla,Business Development Manager
Liam Shah,Database Administrator
Gauri Solanki,Scrum Master
Naman Bundela,Architect
Jaya Patel,Research Analyst
Dev Saxena,Nuclear Engineer
Aisha Dwivedi,Mechanical Engineer
Jaya Tomar,Compliance Officer
Meera Chauhan,Management Consultant
Bharat Modi,Partnership Manager
Ira Shah,Human Resources Manager
Gauri Tiwari,Architect
Aditya Dwivedi,Environmental Scientist
Yashika Qureshi,Research Analyst
Zoya Rana,Software Engineer
Fahad Pandit,Renewable Energy Specialist
Farhan Nair,Clinical Research Associate
Vikram Chandel,Investment Analyst
Yuvraj Gandhi,Environmental Engineer
Zoya Qureshi,Aerospace Engineer
Xena Bundela,Cloud Engineer
Sneha Dubey,Mechanical Engineer
Sanya Ali,Ocean Engineer
Xander Ahmed,Data Scientist
Ira Solanki,Animal Care Specialist
Xena Reddy,Procurement Specialist
Chaya Shukla,Civil Engineer
Aarav Tomar,Database Administrator
Bina Patel,Project Manager
Pooja Chandel,Management Consultant
Meera Dwivedi,Occupational Therapist
Kirti Dwivedi,Clinical Research Associate
Yashika Verma,DevOps Engineer
Jay Nair,Software Engineer
Chirag Gandhi,Customer Success Manager
Ishita Khan,Respiratory Therapist
Eva Jadeja,Digital Marketing Specialist
Mohan Solanki,Event Coordinator
Kirti Trivedi,Physician Assistant
Feroz Rathore,Civil Engineer
Kavita Dwivedi,Full Stack Developer
Ravi Desai,Medical Writer
Ira Vishwakarma,Electrical Engineer
Esha Shukla,Backend Developer
Jaya Modi,Legal Counsel
Harsh Gandhi,Compliance Officer
Priya Gupta,Customer Success Manager
Bharat Dwivedi,Technical Lead
Ethan Ansari,Medical Technologist
Tanish Ali,Animal Care Specialist
Ishita Chauhan,Technical Lead
Harsh Chandel,Business Analyst
Dev Trivedi,Financial Analyst
Himanshu Dubey,Civil Engineer
Naman Mehta,Data Engineer
Lakshay Dwivedi,Administrative Assistant
Priya Rajput,AI Engineer
Harshit Patel,Dental Hygienist
Jaya Bundela,Aerospace Engineer
Ovi Chandel,Geological Engineer
Lakshay Ansari,Petroleum Engineer
Gaurav Desai,Business Intelligence Analyst
Olivia Desai,Quality Assurance Manager
Chaya Yadav,Network Engineer
Xander Shah,Dental Assistant
Jai Hussain,Health Information Technician
Eva Shah,Animal Care Specialist
Laksh Tiwari,Marketing Manager
Bhavya Desai,Partnership Manager
Qadir Dubey,Renewable Energy Specialist
Neha Malhotra,Regulatory Affairs Specialist
Aadi Trivedi,Medical Assistant
Zoya Chandel,Petroleum Engineer
Gita Nayar,Risk Analyst
Xavier Kaur,Environmental Engineer
Jay Patel,Geological Engineer
Jatin Gandhi,Health Information Technician
Gayatri Khan,Architect
Tanay Patel,Physical Therapist
Harshit Shah,Laboratory Technician
Sia Bundela,Radiology Technician
Ishita Qureshi,Digital Marketing Specialist
Riya Desai,Network Security Engineer
Yash Saxena,Business Intelligence Analyst
Hina Chopra,Veterinary Technician
Zain Dubey,Environmental Engineer
Chetan Ansari,Geological Engineer
Ved Khan,Technical Lead
Uma Hassan,Finance Manager
Fahad Thakur,Cloud Engineer
Xena Bhatt,Regulatory Affairs Specialist
Qadir Khan,QA Engineer
Ravi Modi,Marketing Manager
Tushar Ali,Software Engineer
Vanya Bhatt,Partnership Manager
Bhavna Dubey,Cloud Engineer
Kavita Gupta,SEO Specialist
Kirti Parmar,Environmental Scientist
Tushar Saxena,Administrative Assistant
Xander Iyer,Sustainability Consultant
Karan Tomar,Mobile Developer
Yash Patel,Cybersecurity Analyst
Yash Trivedi,Radiology Technician
Sia Gandhi,Research Analyst
Olivia Hussain,Mechanical Engineer
Gaurav Desai,Security Architect
Mira Chandel,Network Security Engineer
Himanshu Hassan,Mobile Developer
Gaurav Chandel,Petroleum Engineer
Zain Bundela,Regulatory Affairs Specialist
Aanya Joshi,Backend Developer
Mohan Rana,Customer Success Manager
Chetan Shah,Security Architect
Mira Rajput,Nuclear Engineer
Laksh Parmar,Digital Marketing Specialist
Chaya Rajput,Sustainability Consultant
Liam Malhotra,Medical Billing Specialist
Uma Rajput,Medical Writer
Himanshu Ali,Laboratory Technician
Himanshu Sharma,Investment Analyst
Nikhil Hussain,Procurement Specialist
Zara Modi,Compliance Manager
Samir Khan,IT Consultant
Aadi Bhatt,Medical Transcriptionist
Lakshmi Malik,Mining Engineer
Tushar Hussain,Software Engineer
Kavya Vishwakarma,Market Research Analyst
Samir Tomar,Petroleum Engineer
Feroz Trivedi,Customer Success Manager
Yashika Tiwari,Penetration Tester
Priya Thakur,Network Security Engineer
Eva Tiwari,Investment Analyst
Bharat Ahmed,Physical Therapist
Uma Bhat,Content Writer
Aditya Trivedi,Ocean Engineer
Bhavna Jadeja,Strategy Consultant
Esha Dubey,Industrial Engineer
Rahul Desai,Scrum Master
Aarav Chandel,Network Security Engineer
Arjun Solanki,Biomedical Engineer
Tushar Chandel,Occupational Therapist
Uma Bhatt,Technical Lead
Ira Yadav,Petroleum Engineer
Uma Malhotra,Medical Assistant
Meera Bundela,Legal Counsel
Harsh Iyer,Full Stack Developer
Ishaan Chandel,Medical Technologist
Naman Chopra,Veterinary Technician
Tara Trivedi,Investment Analyst
Maya Ahmed,Content Writer
Rohan Solanki,DevOps Engineer
Qadir Jadeja,Network Engineer
Jaya Chauhan,Cybersecurity Analyst
Bhavya Yadav,Radiology Technician
Liam Singh,Agricultural Engineer
Deepika Gandhi,Video Editor
Uma Solanki,Executive Assistant
Jaya Patel,IT Consultant
Himanshu Desai,Animal Care Specialist
Mohan Tiwari,Penetration Tester
Ishita Pandit,Executive Assistant
Harshit Tiwari,Graphic Designer
Ovi Rajput,Geological Engineer
Priya Menon,Operations Manager
Aarav Malhotra,Occupational Therapist
Uday Desai,Laboratory Technician
Fatima Sheikh,Project Manager
Hina Bundela,Regulatory Affairs Specialist
Aadi Rajput,Risk Analyst
Zoya Nair,Market Research Analyst
Olivia Tiwari,AI Engineer
Jatin Desai,Agricultural Engineer
Karan Gandhi,Security Architect
Ravi Trivedi,Energy Analyst
Warda Jadeja,Supply Chain Manager
Ira Desai,Backend Developer
Gaurav Hussain,Industrial Engineer
Aisha Modi,Executive Assistant
Kirti Mehta,Medical Billing Specialist
Xena Chauhan,Data Analyst
Uday Jadeja,Partnership Manager
Xena Bundela,Mechanical Engineer
Ojas Vishwakarma,Administrative Assistant
Ira Singh,Business Analyst
Uma Bhatt,Quality Assurance Manager
Zain Dwivedi,AI Engineer
Ishaan Bundela,Renewable Energy Specialist
Tanish Bhat,AI Engineer
Om Mishra,Business Intelligence Analyst
Karan Khan,Database Administrator
Aadi Tiwari,Medical Writer
Aditya Yadav,Market Research Analyst
Meera Modi,SEO Specialist
Bharat Iyer,Executive Assistant
Yash Mehta,Market Research Analyst
Qadir Bundela,Renewable Energy Specialist
Chetan Ansari,Pharmacy Technician
Yash Gupta,Technical Lead
Uma Mehta,Biomedical Engineer
Ved Nair,Database Administrator
Tanay Shah,Energy Analyst
Fatima Pillai,Software Engineer
Chaya Modi,Frontend Developer
Chirag Patel,Pharmacy Technician
Zara Reddy,Strategy Consultant
Pari Qureshi,Business Analyst
Gayatri Gandhi,Security Engineer
Uma Patel,Medical Writer
Eva Patel,Procurement Specialist
Jay Joshi,Content Writer
Waseem Shah,Electrical Engineer
Aadi Vishwakarma,Full Stack Developer
Vedant Vishwakarma,Strategy Consultant
Xena Patel,Project Manager
Meera Saxena,Scrum Master
Ved Saxena,Pharmacy Technician
Samir Kumar,Marketing Manager
Aadi Rana,Medical Transcriptionist
Sanya Dwivedi,QA Engineer
Aditya Kapoor,Medical Billing Specialist
Yashika Malik,Operations Manager
Uday Chopra,Speech Language Pathologist
Laksh Rahman,Event Coordinator
Esha Trivedi,Civil Engineer
Om Dwivedi,Sales Representative
Gaurav Shukla,Operations Manager
Urvi Malhotra,IT Consultant
William Bhatt,Industrial Engineer
Liam Mishra,Laboratory Technician
Aditya Khan,Finance Manager
Chetan Shukla,Product Manager
Bina Saxena,Environmental Scientist
Naman Jadeja,Legal Counsel
Mohan Menon,Research Analyst
Uma Rana,Mobile Developer
Riya Mishra,Frontend Developer
Ira Iyer,Medical Writer
Vanya Parmar,Data Engineer
Chaya Dwivedi,Pharmacy Technician
Sanya Trivedi,Dental Hygienist
Jai Khan,Legal Counsel
Feroz Chauhan,QA Engineer
Gayatri Jadeja,SEO Specialist
Esha Shukla,Renewable Energy Specialist
Jaya Rana,Ocean Engineer
Neha Saxena,Frontend Developer
Hina Chopra,Financial Analyst
Farhan Iyer,Customer Success Manager
Uma Sharma,Dental Assistant
Zoya Rathore,Information Security Officer
Uday Solanki,Human Resources Manager
Jaya Chauhan,Chemical Engineer
Bhavya Vishwakarma,Medical Assistant
Samir Pandit,Respiratory Therapist
Liam Tiwari,Information Security Officer
Yashika Thakur,Database Administrator
Naman Mirza,Laboratory Technician
Bhavya Verma,Full Stack Developer
Bhavya Kapoor,Mechanical Engineer
Bina Solanki,Mobile Developer
Tushar Solanki,Executive Assistant
Sanya Rahman,Event Coordinator
Meera Rajput,Chemical Engineer
Nikhil Saxena,Aerospace Engineer
Sanya Jadeja,Full Stack Developer
Harshit Bundela,Nuclear Engineer
Riya Desai,Supply Chain Manager
Feroz Khan,Legal Counsel
Vanya Chopra,Food Engineer
Mira Tiwari,Social Media Manager
Aanya Bundela,Compliance Officer
Chirag Singh,Ocean Engineer
Ishaan Gandhi,Chemical Engineer
Gaurav Kumar,Event Coordinator
Rohan Bundela,Nurse Practitioner
Disha Bhatt,Market Research Analyst
Chirag Rajput,Information Security Officer
Kavya Mishra,Radiology Technician
Xavier Shah,Mining Engineer
Eva Mehta,Project Manager
Waseem Pandit,UX Designer
Aarav Bundela,Photographer
Jaya Shukla,Finance Manager
Urvi Desai,Customer Success Manager
Vanya Bundela,Materials Engineer
Bhavya Malik,Backend Developer
Zain Khan,Mining Engineer
Bina Mehta,Radiology Technician
Vedant Khan,Video Editor
Hina Tomar,Information Security Officer
Urvi Mishra,Data Scientist
Ovi Shah,Renewable Energy Specialist
Disha Patel,Content Writer
Rahul Shah,Wildlife Biologist
Tanay Bhatt,Procurement Specialist
Sia Gandhi,Frontend Developer
Eva Tiwari,Sales Representative
Kavya Bhatt,Penetration Tester
Ved Chopra,Cloud Engineer
Harsh Ahmed,Cloud Engineer
Aisha Thakur,SEO Specialist
Aadi Malik,Veterinary Technician
Yuvraj Dubey,Operations Manager
Naman Jadeja,Business Development Manager
Maya Chauhan,Renewable Energy Specialist
Jai Mehta,Medical Technologist
Gaurav Vishwakarma,Occupational Therapist
Ravi Ali,Medical Billing Specialist
Xena Mehta,Legal Counsel
Ishaan Rathore,Product Manager
Rahul Modi,Security Engineer
Gaurav Singh,Customer Success Manager
Disha Trivedi,Medical Assistant
Ved Iyer,Technical Lead
Dev Vishwakarma,Software Engineer
Zoya Sharma,Geological Engineer
Aisha Qureshi,Marketing Manager
Om Mishra,Finance Manager
Waseem Reddy,Digital Marketing Specialist
Dev Shah,Respiratory Therapist
Bhavna Vishwakarma,Product Manager
Yuvraj Verma,Business Development Manager
Ravi Kaur,Mining Engineer
Hina Rathore,Cybersecurity Analyst
Mohan Patel,Executive Assistant
Fatima Mishra,Human Resources Manager
Jai Malik,Market Research Analyst
Xavier Shah,Regulatory Affairs Specialist
Rohan Ahmed,Sustainability Consultant
Tara Dwivedi,Medical Billing Specialist
Meera Vishwakarma,Agricultural Engineer
Uma Desai,Industrial Engineer
Aadi Sharma,Speech Language Pathologist
Ishita Rathore,Strategy Consultant
Samir Gandhi,Architect
Xena Khan,Supply Chain Manager
Liam Modi,Database Administrator
Sia Verma,Industrial Engineer
Ovi Malik,Photographer
Mohan Iyer,Video Editor
Vikram Ansari,Medical Billing Specialist
Chetan Rahman,Software Engineer
Bina Mishra,Materials Engineer
Xena Yadav,Speech Language Pathologist
Aditya Solanki,Investment Analyst
Qadir Patel,Dental Assistant
Gayatri Chopra,Data Analyst
Aditya Qureshi,Energy Analyst
Pari Gandhi,Clinical Research Associate
Aanya Rana,Business Analyst
Waseem Nair,Speech Language Pathologist
Bina Joshi,Medical Transcriptionist
Aisha Chauhan,Full Stack Developer
Sia Chandel,Mining Engineer
Gaurav Nayar,Wildlife Biologist
Jaya Bhatt,AI Engineer
Mohan Shah,Information Security Officer
Waseem Trivedi,Biomedical Engineer
Disha Patel,Executive Assistant
Pari Vishwakarma,Market Research Analyst
Maya Singh,Project Manager
Chetan Patel,UX Designer
Zara Pandit,Clinical Research Associate
Chaya Bundela,DevOps Engineer
Lakshay Ali,Partnership Manager
Riya Mehta,Software Engineer
Ishaan Vishwakarma,Business Analyst
Chirag Chauhan,Aerospace Engineer
Neha Kapoor,Social Media Manager
Bhavna Mehta,Network Security Engineer
Harshit Gandhi,Biomedical Engineer
Uma Bhat,Dental Hygienist
Tushar Ansari,Market Research Analyst
Vanya Mishra,Risk Analyst
Zara Dubey,Executive Assistant
Ishaan Bhatt,Sustainability Consultant
Uma Shukla,Mechanical Engineer
Xena Rana,Industrial Engineer
Tushar Iyer,Animal Care Specialist
Zoya Bhatt,Social Media Manager
William Rajput,Speech Language Pathologist
Riya Chauhan,Network Security Engineer
Xavier Chandel,Executive Assistant
Jatin Desai,Human Resources Manager
Meera Mirza,Security Engineer
Sia Bundela,Full Stack Developer
Tara Rajput,Healthcare Administrator
Pranav Trivedi,Occupational Therapist
Rohan Desai,Database Administrator
Lakshmi Malhotra,IT Consultant
Harshit Shukla,Clinical Research Associate
Aarav Dubey,QA Engineer
Urvi Shukla,Management Consultant
Gauri Mishra,Digital Marketing Specialist
Olivia Verma,Environmental Engineer
Zain Desai,Materials Engineer
Kavita Mishra,Quality Assurance Manager
Chaya Desai,Biomedical Engineer
Naveen Mishra,Investment Analyst
Neha Khan,Aerospace Engineer
Harsh Gandhi,Dental Hygienist
Deepika Shah,Database Administrator
Chirag Hussain,Procurement Specialist
Gayatri Mirza,Petroleum Engineer
Warda Shukla,Database Administrator
Chetan Shukla,Respiratory Therapist
Nikhil Tiwari,Chemical Engineer
Chirag Bhat,Wildlife Biologist
Gayatri Nair,Veterinary Technician
Uday Chauhan,Medical Transcriptionist
Qadir Solanki,Medical Technologist
Tara Tomar,Compliance Officer
Ethan Bundela,Health Information Technician
Uday Rajput,Information Security Officer
Tanish Nayar,Architect
Rohan Chandel,Operations Manager
Chetan Ansari,Procurement Specialist
Feroz Nair,Logistics Coordinator
Gayatri Yadav,Renewable Energy Specialist
Jai Pandit,Compliance Manager
Waseem Rathore,Data Engineer
Pooja Verma,Ocean Engineer
Uday Jadeja,Medical Billing Specialist
Xavier Tiwari,Supply Chain Manager
Ira Chandel,Physician Assistant
Ethan Bhatt,Data Scientist
Naveen Bhat,Machine Learning Engineer
Waseem Bundela,Procurement Specialist
Jay Vishwakarma,Partnership Manager
Xander Iyer,Medical Assistant
Nikhil Shah,UX Designer
Waseem Bhatt,Renewable Energy Specialist
Ishaan Trivedi,Network Security Engineer
Harsh Desai,Veterinary Technician
Bhavya Iyer,Physical Therapist
Uma Shukla,Network Engineer
Kavya Mehta,Operations Manager
Deepika Desai,Software Engineer
Bharat Verma,Medical Billing Specialist
Priya Iyer,Operations Manager
Ishita Yadav,Compliance Manager
Samir Pandit,Penetration Tester
Lakshmi Vishwakarma,Wildlife Biologist
Tanish Gandhi,Mechanical Engineer
Harshit Kaur,Medical Transcriptionist
Pari Hassan,Executive Assistant
Esha Thakur,Respiratory Therapist
Rahul Bhat,Partnership Manager
Aadi Bundela,Renewable Energy Specialist
Olivia Malik,Environmental Scientist
Ved Ali,Data Scientist
Zara Shukla,Video Editor
Tushar Shah,Aerospace Engineer
Ved Chauhan,DevOps Engineer
Bhavna Patel,Compliance Manager
Ojas Khan,Data Engineer
Gita Pillai,Mining Engineer
Urvi Bundela,Renewable Energy Specialist
Mira Patel,Marketing Manager
Ravi Trivedi,Business Intelligence Analyst
Dev Pillai,Security Engineer
Bhavna Dubey,Dental Hygienist
Olivia Desai,Investment Analyst
Chaya Shah,Data Engineer
Harshit Vishwakarma,Security Engineer
Aarav Vishwakarma,Business Intelligence Analyst
Harsh Malik,Nuclear Engineer
Gauri Verma,Chemical Engineer
Lakshmi Trivedi,Compliance Officer
Ved Vishwakarma,Radiology Technician
Esha Dubey,Ocean Engineer
Ravi Ahmed,Materials Engineer
Kirti Hassan,Nurse Practitioner
Aadi Shukla,Textile Engineer
Pranav Saxena,Data Scientist
Aditya Desai,Data Analyst
Tanay Mishra,Investment Analyst
Zoya Tomar,Marketing Manager
Zara Saxena,Legal Counsel
Uma Rana,Data Engineer
Ovi Bundela,Agricultural Engineer
Chirag Mehta,Customer Success Manager
Aanya Kapoor,Architect
Yashika Pillai,Business Development Manager
Liam Solanki,Social Media Manager
Aisha Chopra,Physician Assistant
Aanya Pillai,Partnership Manager
Jaya Parmar,Health Information Technician
Chirag Saxena,Event Coordinator
Fahad Chandel,Compliance Officer
Ovi Dwivedi,Textile Engineer
Harsh Joshi,Social Media Manager
Bina Shukla,Medical Technologist
Xander Modi,Healthcare Administrator
Eva Thakur,Data Engineer
Jay Bhatt,Occupational Therapist
Ethan Mehta,Penetration Tester
Zara Rathore,Content Writer
Priya Bundela,Nurse Practitioner
Hina Joshi,Technical Lead
Yuvraj Saxena,Biomedical Engineer
Eva Trivedi,Compliance Manager
Jaya Bundela,Market Research Analyst
Gaurav Reddy,Compliance Manager
Bina Singh,Sales Representative
Esha Chandel,Business Analyst
Sia Verma,Wildlife Biologist
Farhan Tomar,Frontend Developer
Xavier Gupta,Cybersecurity Analyst
Ishaan Shukla,Radiology Technician
Olivia Mishra,Aerospace Engineer
Zara Gandhi,Sustainability Consultant
Chirag Menon,Regulatory Affairs Specialist
Pooja Shukla,Network Security Engineer
Ishita Shah,Dental Hygienist
Aarav Malhotra,Dental Assistant
Chirag Dubey,Data Analyst
Chirag Sheikh,Speech Language Pathologist
Aditya Kumar,Physician Assistant
Riya Bundela,UX Designer
Ethan Chandel,Business Intelligence Analyst
Ishita Shah,Information Security Officer
Kavya Solanki,Video Editor
Vikram Kumar,Clinical Research Associate
Uday Desai,Petroleum Engineer
Disha Solanki,Network Engineer
Vikram Shah,Chemical Engineer
Xena Desai,SEO Specialist
Yash Gupta,Environmental Scientist
Bina Thakur,Network Security Engineer
Laksh Gandhi,Executive Assistant
Pari Tiwari,Ocean Engineer
Ovi Bundela,Research Analyst
Bina Mehta,Scrum Master
Karan Rajput,Chemical Engineer
William Shukla,Radiology Technician
Ovi Singh,Product Manager
Warda Dwivedi,Event Coordinator
Himanshu Singh,Medical Transcriptionist
Yashika Saxena,Logistics Coordinator
William Malik,Full Stack Developer
Lakshay Rathore,Machine Learning Engineer
Xena Rahman,Renewable Energy Specialist
Neha Bundela,SEO Specialist
Yuvraj Tiwari,Petroleum Engineer
Lakshmi Bundela,Technical Lead
Jaya Iyer,Occupational Therapist
Farhan Dubey,Business Development Manager
Naman Shah,Administrative Assistant
Waseem Khan,SEO Specialist
Jai Rathore,Clinical Research Associate
Sneha Solanki,Executive Assistant
Disha Shah,Physical Therapist
Jatin Nayar,Civil Engineer
Arjun Rathore,Digital Marketing Specialist
Esha Bundela,Market Research Analyst
Jai Saxena,Quality Assurance Manager
Deepika Reddy,Mobile Developer
Aarav Solanki,Legal Counsel
Harshit Sheikh,Legal Counsel
Tanay Chauhan,Dental Assistant
William Saxena,Management Consultant
Rohan Tomar,Environmental Scientist
Maya Dwivedi,Full Stack Developer
Laksh Malik,Human Resources Manager
Gayatri Rathore,Architect
Aarav Solanki,Administrative Assistant
Fatima Bhat,Biomedical Engineer
Arjun Mehta,Event Coordinator
Waseem Patel,Business Development Manager
Esha Vishwakarma,Security Architect
Warda Qureshi,Speech Language Pathologist
Uday Rathore,Compliance Manager
Nikhil Mehta,Speech Language Pathologist
Xander Mehta,Management Consultant
Samir Kaur,Investment Analyst
Uma Ansari,Aerospace Engineer
Vedant Yadav,Network Engineer
Kirti Mishra,Food Engineer
Nikhil Jadeja,Medical Transcriptionist
Mohan Chandel,Software Engineer
Ethan Shah,Machine Learning Engineer
Ishita Verma,Project Manager
Vanya Jadeja,Data Engineer
Kavya Bundela,Industrial Engineer
Tushar Gupta,Business Analyst
Aditya Vishwakarma,Speech Language Pathologist
Tushar Bundela,Ocean Engineer
Harshit Bundela,Marketing Manager
Chirag Malik,Data Scientist
Zain Shah,Dental Hygienist
Gaurav Solanki,Cybersecurity Analyst
Naman Patel,Operations Manager
Aditya Patel,Machine Learning Engineer
Aanya Bundela,Strategy Consultant
Lakshay Desai,Technical Lead
Lakshay Mehta,Technical Lead
Ishaan Shah,Geological Engineer
Harshit Ali,Business Analyst
Waseem Bhat,Clinical Research Associate
Xander Vishwakarma,QA Engineer
Aanya Chauhan,Nuclear Engineer
Chirag Rana,Business Development Manager
Kavita Dwivedi,Geological Engineer
Rohan Solanki,Pharmacy Technician
Gita Desai,Finance Manager
Esha Kapoor,Logistics Coordinator
Vedant Rana,Risk Analyst
Ojas Mirza,Cloud Engineer
Samir Tomar,Product Manager
Ethan Malhotra,Sales Representative
Uma Rathore,Operations Manager
Sanya Ansari,Software Engineer
Aadi Patel,Sustainability Consultant
Fahad Jadeja,Architect
Arjun Saxena,Medical Billing Specialist
Karan Saxena,Radiology Technician
Naman Bundela,Business Development Manager
Pooja Dwivedi,Network Security Engineer
Gita Solanki,Food Engineer
Nikhil Patel,Compliance Manager
Gauri Dwivedi,Compliance Manager
Samir Patel,Laboratory Technician
Esha Jadeja,Network Engineer
Esha Bundela,Environmental Engineer
Gauri Hussain,Management Consultant
Sia Chauhan,Pharmacy Technician
Olivia Hassan,Respiratory Therapist
Sanya Pillai,Occupational Therapist
Lakshay Singh,Video Editor
Jai Bundela,Physical Therapist
Pranav Trivedi,Event Coordinator
Jai Shukla,Business Analyst
Mira Modi,Chemical Engineer
Jaya Ali,Medical Technologist
Tanay Vishwakarma,Operations Manager
Yash Tiwari,Environmental Scientist
Ishita Mishra,Electrical Engineer
Mohan Parmar,Penetration Tester
Naveen Dwivedi,Operations Manager
Chirag Mishra,Penetration Tester
Warda Chandel,Pharmacy Technician
Vanya Gandhi,Management Consultant
William Patel,Market Research Analyst
Warda Dubey,Compliance Officer
Urvi Bundela,Photographer
Fahad Mehta,Veterinary Technician
Jaya Rana,Dental Hygienist
Bhavna Bundela,Compliance Officer
Ravi Solanki,Dental Hygienist
Samir Joshi,Social Media Manager
Jay Menon,Security Engineer
Zoya Pandit,Animal Care Specialist
Esha Chandel,Video Editor
Xander Bundela,Scrum Master
Jatin Mishra,Investment Analyst
Farhan Malik,Customer Success Manager
Kavita Chauhan,Occupational Therapist
Aarav Mishra,Business Development Manager
Karan Nayar,Laboratory Technician
Chetan Rajput,Industrial Engineer
Karan Solanki,Human Resources Manager
Himanshu Bundela,Quality Assurance Manager
Mohan Trivedi,Data Scientist
Gauri Thakur,Logistics Coordinator
Qadir Gandhi,Software Engineer
Yuvraj Bundela,Physician Assistant
Tara Modi,DevOps Engineer
Tanay Rahman,Sustainability Consultant
Lakshmi Desai,Human Resources Manager
Arjun Chauhan,Full Stack Developer
Zain Patel,Energy Analyst
Chirag Chauhan,Compliance Officer
Ira Malik,Network Security Engineer
Ira Desai,Aerospace Engineer
Bhavya Dubey,Penetration Tester
Kavita Tiwari,Health Information Technician
Sneha Tomar,AI Engineer
Bhavya Gandhi,Management Consultant
Olivia Khan,Compliance Officer
Fahad Hussain,Data Analyst
Naman Mishra,Ocean Engineer
Harsh Ali,Industrial Engineer
Vikram Tiwari,SEO Specialist
Pari Pandit,Laboratory Technician
Harsh Vishwakarma,Partnership Manager
Jay Menon,Partnership Manager
Bharat Kaur,Network Engineer
Uma Pandit,Sustainability Consultant
Aadi Dubey,Mobile Developer
Jaya Singh,Nuclear Engineer
Fahad Reddy,Nurse Practitioner
Rahul Rahman,Product Manager
Chetan Rajput,Customer Success Manager
Rahul Sharma,Network Security Engineer
Sneha Vishwakarma,Security Architect
Gauri Mehta,Legal Counsel
Esha Patel,Nuclear Engineer
Tanish Shah,Materials Engineer
Dev Rahman,Petroleum Engineer
Fahad Malik,Medical Billing Specialist
Zara Kumar,Business Analyst
Xander Vishwakarma,Laboratory Technician
Bharat Bhatt,Logistics Coordinator
Aisha Gandhi,Petroleum Engineer
Ravi Saxena,Speech Language Pathologist
Arjun Jadeja,DevOps Engineer
Xena Desai,Nuclear Engineer
Chaya Ansari,Database Administrator
Ira Shah,Veterinary Technician
Yashika Kapoor,Healthcare Administrator
Vanya Ahmed,Backend Developer
Vanya Parmar,SEO Specialist
Ved Tomar,Data Analyst
Priya Shukla,Security Engineer
Kirti Mishra,Database Administrator
Ira Tiwari,DevOps Engineer
Bhavna Desai,Business Intelligence Analyst
Fatima Saxena,Physician Assistant
Bhavna Chandel,Technical Lead
Aanya Bundela,Environmental Scientist
Tushar Solanki,Research Analyst
Uma Chopra,Environmental Engineer
Dev Mishra,Environmental Scientist
Mira Pillai,Network Security Engineer
Bharat Bundela,Environmental Engineer
Warda Malhotra,Materials Engineer
Sia Vishwakarma,Medical Writer
Ojas Shukla,Data Analyst
Jatin Singh,Clinical Research Associate
Xena Saxena,Partnership Manager
Zara Solanki,Nuclear Engineer
Himanshu Ali,Business Development Manager
Gauri Saxena,Customer Success Manager
Farhan Parmar,Respiratory Therapist
Xena Bundela,Health Information Technician
Uday Mishra,Event Coordinator
William Dubey,Security Engineer
Yash Trivedi,Digital Marketing Specialist
Aadi Khan,Security Architect
Warda Mishra,Mining Engineer
Bina Dwivedi,Respiratory Therapist
Sanya Mishra,Investment Analyst
Uma Modi,Data Engineer
Himanshu Thakur,Respiratory Therapist
Uday Hussain,Product Manager
Yuvraj Patel,Logistics Coordinator
Xena Trivedi,Technical Lead
Urvi Vishwakarma,Architect
Priya Menon,Logistics Coordinator
Uma Khan,Research Analyst
Bhavna Rathore,Information Security Officer
Zain Pandit,Respiratory Therapist
Ira Menon,Financial Analyst
Pranav Shah,Frontend Developer
Xena Tomar,Energy Analyst
Ovi Shukla,Research Analyst
Sneha Tiwari,AI Engineer
Bharat Gandhi,Quality Assurance Manager
Chaya Rajput,Penetration Tester
Ovi Hussain,Mechanical Engineer
Meera Shah,Photographer
Kavya Tiwari,Executive Assistant
Eva Thakur,Finance Manager
Tara Saxena,Speech Language Pathologist
Maya Solanki,Frontend Developer
Kavya Saxena,Graphic Designer
Bharat Chopra,Veterinary Technician
Sneha Qureshi,Human Resources Manager
Om Bundela,Sales Representative
Pari Mirza,Social Media Manager
Uday Mishra,Database Administrator
Ira Jadeja,Speech Language Pathologist
Bhavya Verma,Customer Success Manager
Fatima Shah,Regulatory Affairs Specialist
Himanshu Bundela,Legal Counsel
Samir Bundela,Machine Learning Engineer
Aarav Hassan,Occupational Therapist
Bina Tiwari,Sustainability Consultant
Himanshu Sharma,Veterinary Technician
Zara Dwivedi,SEO Specialist
Naveen Saxena,Nurse Practitioner
Ravi Kapoor,Business Intelligence Analyst
Esha Ansari,Backend Developer
Naman Mehta,Aerospace Engineer
Om Shukla,Machine Learning Engineer
Himanshu Pillai,Finance Manager
Chirag Hassan,Environmental Engineer
Xavier Khan,Aerospace Engineer
Aarav Bundela,Content Writer
Urvi Tomar,Aerospace Engineer
Yuvraj Reddy,Management Consultant
Yuvraj Chauhan,Environmental Engineer
Fahad Rathore,Risk Analyst
Naveen Rana,Social Media Manager
Uday Hassan,Materials Engineer
Zara Mishra,Marketing Manager
Maya Solanki,Physical Therapist
Kavya Chandel,Wildlife Biologist
Pranav Iyer,UX Designer
Disha Nair,Occupational Therapist
Neha Kumar,Human Resources Manager
Naman Malhotra,Customer Success Manager
Feroz Mirza,Graphic Designer
Ethan Kaur,Civil Engineer
Gauri Rahman,Data Engineer
Nikhil Trivedi,Renewable Energy Specialist
Pari Dubey,Aerospace Engineer
Priya Shah,Healthcare Administrator
Kavya Vishwakarma,Geological Engineer
Arjun Nair,Renewable Energy Specialist
Naveen Chauhan,Dental Assistant
Ravi Dwivedi,Executive Assistant
Rohan Khan,Dental Assistant
Aanya Modi,Security Engineer
Xander Dubey,Software Engineer
Jaya Menon,Respiratory Therapist
Warda Rathore,Agricultural Engineer
Jai Tomar,Food Engineer
Chirag Rana,Environmental Scientist
Ravi Menon,SEO Specialist
Farhan Hussain,Physician Assistant
Jaya Solanki,Executive Assistant
Kirti Bundela,Wildlife Biologist
Ved Kumar,Mobile Developer
Harshit Bundela,Ocean Engineer
Bharat Shukla,Dental Hygienist
Jatin Gupta,Executive Assistant
Harshit Sharma,Architect
Jatin Rahman,Pharmacy Technician
Zara Modi,Renewable Energy Specialist
Jaya Joshi,Electrical Engineer
Aanya Dwivedi,Biomedical Engineer
Disha Gandhi,Health Information Technician
Ovi Shukla,Database Administrator
Bhavya Bundela,DevOps Engineer
Aisha Chauhan,Information Security Officer
Zoya Rana,QA Engineer
Lakshay Dubey,Respiratory Therapist
Bhavna Bhat,Human Resources Manager
Gauri Gandhi,Medical Transcriptionist
Ishita Pillai,Video Editor
Jaya Trivedi,Management Consultant
Harsh Mehta,SEO Specialist
Yash Pandit,Dental Hygienist
Sneha Gupta,Market Research Analyst
Aisha Trivedi,Market Research Analyst
Feroz Modi,Compliance Manager
Uma Ahmed,QA Engineer
Samir Bhatt,Full Stack Developer
Pranav Khan,Healthcare Administrator
Ishaan Solanki,SEO Specialist
Bhavya Shah,Compliance Officer
Vanya Hassan,Full Stack Developer
Neha Bundela,Energy Analyst
Rahul Bhatt,Information Security Officer
Gauri Singh,Risk Analyst
Farhan Hussain,Security Architect
Zara Saxena,Administrative Assistant
Warda Jadeja,IT Consultant
Eva Nayar,Sales Representative
Ravi Mishra,Agricultural Engineer
Zain Bundela,AI Engineer
Xavier Kaur,Materials Engineer
Neha Dwivedi,Medical Billing Specialist
Jay Saxena,Legal Counsel
Harsh Rajput,Agricultural Engineer
Eva Gandhi,Information Security Officer
Riya Tomar,Nurse Practitioner
Qadir Pillai,Materials Engineer
Sanya Trivedi,Content Writer
Warda Khan,QA Engineer
Aisha Mehta,Mobile Developer
Gita Gandhi,Biomedical Engineer
Rohan Khan,Data Engineer
Deepika Dwivedi,Sustainability Consultant
Bhavna Dwivedi,Nurse Practitioner
Jaya Bundela,Frontend Developer
Pranav Desai,Pharmacy Technician
Yashika Khan,Event Coordinator
Qadir Pillai,Petroleum Engineer
Pooja Patel,Product Manager
Laksh Sheikh,Full Stack Developer
Kirti Mishra,Research Analyst
William Trivedi,Sales Representative
Zain Shah,Nurse Practitioner
Arjun Ali,Supply Chain Manager
Xander Parmar,Content Writer
Feroz Tomar,Nurse Practitioner
Zara Tomar,Clinical Research Associate
Tushar Patel,Wildlife Biologist
Gauri Vishwakarma,Penetration Tester
Tara Tiwari,Renewable Energy Specialist
Chirag Hussain,Agricultural Engineer
Dev Vishwakarma,Radiology Technician
Qadir Trivedi,Administrative Assistant
Kirti Khan,Mechanical Engineer
Chirag Gandhi,DevOps Engineer
Vikram Gupta,Medical Transcriptionist
Xena Shah,Medical Assistant
Ravi Hussain,Biomedical Engineer
Jaya Hassan,Administrative Assistant
Gaurav Gandhi,Machine Learning Engineer
Kirti Dubey,Animal Care Specialist
Nikhil Dwivedi,Executive Assistant
Yash Tomar,Textile Engineer
Harsh Desai,Video Editor
Tushar Thakur,Research Analyst
Gauri Mishra,DevOps Engineer
Eva Singh,Product Manager
Urvi Rathore,Legal Counsel
Pranav Rajput,Executive Assistant
Bhavya Malhotra,Mechanical Engineer
Vikram Bhat,Geological Engineer
Farhan Tiwari,QA Engineer
Eva Saxena,Nurse Practitioner
Disha Mishra,Event Coordinator
Hina Rathore,Procurement Specialist
Riya Saxena,Project Manager
Sneha Jadeja,Executive Assistant
Yashika Bundela,AI Engineer
Gaurav Bundela,Cloud Engineer
Aarav Rajput,Research Analyst
Maya Malhotra,Investment Analyst
Ishita Qureshi,Quality Assurance Manager
Ishaan Chauhan,Supply Chain Manager
William Bhatt,Medical Billing Specialist
Feroz Reddy,Sales Representative
Ishita Desai,Penetration Tester
Zara Dubey,Digital Marketing Specialist
Xena Bundela,Photographer
Deepika Saxena,Environmental Scientist
Gauri Bundela,Respiratory Therapist
Nikhil Desai,QA Engineer
Bharat Vishwakarma,Medical Assistant
Disha Vishwakarma,Full Stack Developer
Mira Khan,Security Architect
Deepika Rana,Physical Therapist
Neha Mishra,Backend Developer
Eva Tiwari,Veterinary Technician
Sneha Vishwakarma,Food Engineer
Farhan Nayar,Radiology Technician
Pooja Bhatt,Radiology Technician
Zain Desai,Security Architect
Meera Malhotra,Nurse Practitioner
Aadi Hussain,Executive Assistant
Karan Kumar,Business Analyst
Pooja Rathore,Cloud Engineer
Feroz Saxena,Pharmacy Technician
Tushar Saxena,Medical Writer
Kavya Trivedi,Medical Assistant
Jaya Joshi,Energy Analyst
Maya Thakur,Software Engineer
Naveen Gandhi,Technical Lead
Farhan Chopra,Compliance Officer
Harsh Joshi,Digital Marketing Specialist
Harsh Vishwakarma,Network Engineer
Harshit Vishwakarma,Sales Representative
Uma Ali,Information Security Officer
Pari Qureshi,Veterinary Technician
Xavier Shukla,Social Media Manager
Hina Gandhi,Ocean Engineer
Chaya Ahmed,Laboratory Technician
Gita Hussain,Penetration Tester
Gayatri Bundela,UX Designer
Nikhil Trivedi,Financial Analyst
Vikram Solanki,Scrum Master
Lakshay Dubey,Machine Learning Engineer
Gauri Ahmed,Business Analyst
Harshit Shah,Occupational Therapist
Waseem Rathore,Biomedical Engineer
Ravi Dubey,QA Engineer
Tanish Chopra,Product Manager
Kavya Bundela,Financial Analyst
Ved Shah,Materials Engineer
Bina Bhatt,Physician Assistant
Lakshmi Mishra,Machine Learning Engineer
Xena Saxena,Network Security Engineer
Uma Singh,Security Engineer
Mira Bundela,Sales Representative
Vikram Patel,Logistics Coordinator
Jai Chopra,Financial Analyst
Maya Jadeja,Dental Assistant
Vikram Rathore,Environmental Scientist
Kirti Gupta,Compliance Officer
Jay Mehta,Medical Writer
Feroz Khan,Executive Assistant
Om Mirza,Investment Analyst
Ishaan Modi,Compliance Manager
Esha Shah,Veterinary Technician
Ira Mishra,Security Engineer
Jai Pillai,AI Engineer
Rahul Reddy,Scrum Master
Kavita Kapoor,Data Engineer
Uma Trivedi,Respiratory Therapist
Sneha Solanki,Graphic Designer
Uma Rathore,Research Analyst
Harshit Malik,Penetration Tester
Himanshu Rathore,Food Engineer
Ojas Rathore,Nurse Practitioner
Chetan Khan,Business Development Manager
Arjun Bundela,Logistics Coordinator
Jay Gupta,Photographer
Nikhil Sheikh,Graphic Designer
Uma Modi,UX Designer
Meera Shukla,Management Consultant
Aarav Khan,Digital Marketing Specialist
Vedant Sheikh,Security Engineer
Aadi Desai,Ocean Engineer
Sneha Desai,Video Editor
Feroz Rahman,Data Engineer
Yashika Bundela,Veterinary Technician
Sia Tomar,Human Resources Manager
Liam Bhatt,Mechanical Engineer
Ved Mishra,Renewable Energy Specialist
Yash Gandhi,Data Scientist
Ira Nair,Civil Engineer
Sanya Modi,Scrum Master
Xena Kumar,Photographer
Dev Patel,Mobile Developer
Gayatri Thakur,Occupational Therapist
Yash Parmar,Medical Writer
Pari Jadeja,Geological Engineer
Dev Dubey,Mining Engineer
Ira Thakur,Textile Engineer
Kirti Dwivedi,Administrative Assistant
Ira Rahman,Risk Analyst
Pari Vishwakarma,Information Security Officer
Aarav Thakur,Security Architect
Olivia Chauhan,Compliance Officer
Kirti Vishwakarma,Data Analyst
Zoya Mishra,Food Engineer
Aanya Tomar,QA Engineer
Pooja Desai,Nuclear Engineer
Naman Rana,AI Engineer
Disha Ali,Mechanical Engineer
Kavya Iyer,Content Writer
Deepika Tiwari,Medical Transcriptionist
Meera Qureshi,Market Research Analyst
Samir Parmar,Textile Engineer
Dev Ahmed,Chemical Engineer
Karan Ahmed,Physician Assistant
Eva Nair,Dental Hygienist
Karan Vishwakarma,Mobile Developer
Sia Tiwari,Medical Writer
Naman Mishra,Cybersecurity Analyst
William Hassan,Materials Engineer
Gaurav Qureshi,Renewable Energy Specialist
Mira Modi,Procurement Specialist
Hina Nayar,UX Designer
Nikhil Malhotra,Laboratory Technician
Ovi Tiwari,Data Scientist
Kirti Modi,Cloud Engineer
Zoya Parmar,Pharmacy Technician
Aadi Patel,Executive Assistant
Vedant Reddy,Medical Billing Specialist
Yuvraj Modi,Software Engineer
Esha Tiwari,Sales Representative
Pari Ali,QA Engineer
Pari Bundela,Medical Billing Specialist
Himanshu Gupta,DevOps Engineer
Lakshay Singh,Frontend Developer
Jatin Solanki,Speech Language Pathologist
Zara Rajput,Dental Assistant
Naman Parmar,Event Coordinator
Bharat Solanki,Project Manager
Aarav Dwivedi,Risk Analyst
Eva Chopra,Customer Success Manager
Ethan Dwivedi,Event Coordinator
Bharat Saxena,Textile Engineer
Zara Bundela,Petroleum Engineer
Dev Tiwari,Cybersecurity Analyst
Mohan Trivedi,Human Resources Manager
Rohan Jadeja,Operations Manager
Sanya Mirza,Wildlife Biologist
Yashika Ansari,Business Development Manager
Chirag Dwivedi,Administrative Assistant
Ishaan Shukla,Physician Assistant
Harsh Rathore,Dental Hygienist
Zoya Joshi,Geological Engineer
Bhavna Hassan,Medical Assistant
Liam Sharma,Clinical Research Associate
Pranav Gandhi,Dental Hygienist
Neha Patel,Textile Engineer
Chetan Ansari,Compliance Officer
Fatima Bhatt,Medical Technologist
Tanay Khan,Content Writer
Ira Tomar,Operations Manager
Sneha Gupta,Executive Assistant
Ira Chandel,Network Security Engineer
Sia Rajput,Product Manager
Fatima Verma,Market Research Analyst
Lakshmi Rana,Procurement Specialist
Ved Desai,Laboratory Technician
Bina Rajput,Database Administrator
Kavya Trivedi,Human Resources Manager
Rahul Jadeja,DevOps Engineer
Sanya Nayar,Electrical Engineer
Karan Sharma,Market Research Analyst
Harsh Sharma,Operations Manager
Lakshay Modi,Database Administrator
Chirag Mishra,Risk Analyst
Bhavna Rathore,Partnership Manager
Hina Desai,Human Resources Manager
Ved Jadeja,Supply Chain Manager
Neha Shukla,Procurement Specialist
Jay Chauhan,UX Designer
Gaurav Shukla,Operations Manager
Ishaan Gupta,Technical Lead
Tara Sheikh,Administrative Assistant
Mira Yadav,Network Security Engineer
Kavya Desai,Civil Engineer
Feroz Malik,Agricultural Engineer
Zara Bhatt,Petroleum Engineer
Meera Bundela,Content Writer
Bhavya Mishra,Medical Assistant
Vedant Qureshi,Technical Lead
Uma Tiwari,Clinical Research Associate
Warda Saxena,Market Research Analyst
Chetan Desai,Cloud Engineer
Ravi Rajput,Aerospace Engineer
Uma Tiwari,Network Engineer
Bhavya Kapoor,Physician Assistant
Chirag Nair,Chemical Engineer
Dev Ahmed,Security Architect
Chetan Mishra,Software Engineer
Disha Rajput,Agricultural Engineer
Qadir Patel,Regulatory Affairs Specialist
Aditya Solanki,Textile Engineer
Karan Shah,Backend Developer
Chetan Khan,Dental Assistant
Kavita Menon,Mobile Developer
Pooja Bundela,Financial Analyst
Aditya Trivedi,Health Information Technician
Aanya Pandit,Frontend Developer
Harsh Saxena,Health Information Technician
Olivia Mishra,Industrial Engineer
Yuvraj Dubey,Ocean Engineer
Harsh Shah,Medical Technologist
Hina Vishwakarma,Civil Engineer
Kirti Patel,Renewable Energy Specialist
Ishaan Ansari,Physician Assistant
Lakshay Desai,Finance Manager
Aadi Rathore,Scrum Master
Sia Tiwari,Human Resources Manager
Uday Gandhi,Speech Language Pathologist
Yuvraj Shah,Scrum Master
Xander Rajput,Social Media Manager
Vikram Rana,Frontend Developer
Fatima Rajput,Medical Writer
Priya Solanki,Machine Learning Engineer
Priya Desai,Electrical Engineer
Chirag Shukla,Geological Engineer
Xander Desai,Dental Hygienist
Gauri Bundela,QA Engineer
Aarav Yadav,Compliance Manager
Xander Trivedi,Pharmacy Technician
Esha Bhatt,Executive Assistant
Ira Ali,Information Security Officer
Ethan Patel,Food Engineer
Tara Bundela,Animal Care Specialist
Ovi Bundela,Electrical Engineer
Neha Pillai,Social Media Manager
Lakshmi Menon,Food Engineer
Deepika Menon,Backend Developer
Riya Rathore,Agricultural Engineer
Kirti Joshi,Compliance Officer
Ishaan Parmar,Procurement Specialist
Naman Yadav,Business Development Manager
Gita Tomar,Data Scientist
Ojas Parmar,Data Engineer
Zain Ahmed,Textile Engineer
Ved Dubey,Project Manager
Xavier Ansari,Chemical Engineer
Maya Dubey,Sales Representative
Vanya Chauhan,Medical Technologist
Nikhil Trivedi,Data Analyst
Rohan Hassan,Industrial Engineer
Xander Chauhan,Physical Therapist
Gaurav Rajput,Civil Engineer
Ved Gupta,Event Coordinator
Harshit Trivedi,Customer Success Manager
Jatin Sheikh,Partnership Manager
Nikhil Bundela,Investment Analyst
Farhan Qureshi,Information Security Officer
Pooja Rana,Physician Assistant
Uday Gupta,Security Architect
Sanya Tomar,Medical Assistant
Harshit Chandel,Industrial Engineer
Rohan Sharma,Compliance Officer
Farhan Chandel,Data Scientist
Tanish Mishra,Mining Engineer
Pooja Bhatt,Medical Assistant
Riya Tomar,Compliance Officer
Farhan Rana,Sales Representative
Feroz Jadeja,Executive Assistant
Yuvraj Chauhan,Mechanical Engineer
Xena Bundela,Technical Lead
Kavya Parmar,Medical Assistant
Pooja Verma,Speech Language Pathologist
Chaya Rahman,Healthcare Administrator
Naveen Sheikh,Cybersecurity Analyst
Jaya Pillai,Clinical Research Associate
Liam Pandit,Compliance Officer
Chaya Mirza,Scrum Master
Jatin Desai,SEO Specialist
Dev Trivedi,Regulatory Affairs Specialist
Uma Mishra,Machine Learning Engineer
Olivia Bundela,Supply Chain Manager
Samir Chandel,IT Consultant
Uday Desai,Machine Learning Engineer
Ravi Rathore,Research Analyst
Olivia Bhat,Strategy Consultant
Xander Nayar,Social Media Manager
Aadi Dubey,Veterinary Technician
Naman Gupta,Mobile Developer
Bhavya Dwivedi,Social Media Manager
Rahul Desai,Project Manager
Eva Yadav,Medical Transcriptionist
Lakshay Singh,Graphic Designer
Rahul Bundela,Photographer
Ira Solanki,Ocean Engineer
Ira Rathore,Network Security Engineer
Naman Gandhi,Research Analyst
Jay Dwivedi,Content Writer
Yash Parmar,Cloud Engineer
Himanshu Dwivedi,Strategy Consultant
Om Mehta,Industrial Engineer
Vedant Mishra,SEO Specialist
Chetan Thakur,Strategy Consultant
Disha Tomar,Supply Chain Manager
Maya Modi,Dental Assistant
Maya Saxena,Mining Engineer
Mohan Bundela,Food Engineer
Bhavya Thakur,Social Media Manager
Harshit Bhat,Finance Manager
Bhavya Hassan,Partnership Manager
Ethan Kumar,Laboratory Technician
Rahul Nayar,Frontend Developer
Aanya Trivedi,Logistics Coordinator
Himanshu Desai,Procurement Specialist
Tanish Thakur,Medical Transcriptionist
Chirag Ahmed,Backend Developer
Jai Tiwari,Compliance Officer
Vedant Tiwari,Digital Marketing Specialist
Uma Malhotra,Market Research Analyst
Gaurav Modi,Data Scientist
Kavita Tomar,Technical Lead
Lakshay Vishwakarma,Dental Hygienist
Hina Bundela,Product Manager
Feroz Dwivedi,Agricultural Engineer
Bhavya Vishwakarma,Biomedical Engineer
Urvi Rana,Management Consultant
Uma Malhotra,Aerospace Engineer
Chetan Shukla,Veterinary Technician
Pranav Malhotra,Business Development Manager
Gayatri Chauhan,Full Stack Developer
Yashika Patel,Management Consultant
Bhavna Shah,Logistics Coordinator
Harsh Dwivedi,Supply Chain Manager
Rohan Sheikh,Market Research Analyst
Gayatri Chopra,Electrical Engineer
Aisha Hassan,DevOps Engineer
Disha Bhat,Software Engineer
Dev Singh,Respiratory Therapist
Esha Chandel,Biomedical Engineer
Chirag Mirza,Machine Learning Engineer
Pari Tomar,Social Media Manager
Pooja Desai,Chemical Engineer
Bhavya Thakur,Dental Assistant
Jay Tomar,Speech Language Pathologist
Maya Vishwakarma,Human Resources Manager
Sia Singh,Speech Language Pathologist
Vanya Rajput,Energy Analyst
Farhan Ahmed,Food Engineer
Lakshay Mehta,Cybersecurity Analyst
Chaya Vishwakarma,QA Engineer
Jay Iyer,Veterinary Technician
Tara Gandhi,Frontend Developer
Esha Yadav,Cybersecurity Analyst
Kavita Solanki,UX Designer
Harshit Mehta,Data Engineer
Zara Bhatt,Compliance Manager
Zara Gupta,Logistics Coordinator
Samir Solanki,Human Resources Manager
Fahad Menon,Penetration Tester
Ved Thakur,Medical Billing Specialist
Olivia Mehta,Investment Analyst
Harsh Shukla,Mining Engineer
Bina Iyer,Civil Engineer
Naman Vishwakarma,Procurement Specialist
Rahul Modi,Aerospace Engineer
Gayatri Shah,Customer Success Manager
Nikhil Tomar,Medical Billing Specialist
Esha Rana,Graphic Designer
Ravi Chauhan,Partnership Manager
Ravi Mehta,Compliance Officer
Xena Dwivedi,Health Information Technician
Samir Dubey,Financial Analyst
Uma Rana,Ocean Engineer
Naveen Pandit,IT Consultant
Chirag Qureshi,Animal Care Specialist
Maya Sheikh,Biomedical Engineer
William Chauhan,Agricultural Engineer
Gaurav Mehta,Network Engineer
Ira Dubey,Backend Developer
Xena Patel,Administrative Assistant
Samir Gupta,Geological Engineer
Gita Qureshi,Biomedical Engineer
Bharat Dubey,Electrical Engineer
Naman Mishra,Laboratory Technician
Pari Malhotra,Risk Analyst
Feroz Mishra,Physician Assistant
Karan Bundela,IT Consultant
Eva Dubey,Dental Hygienist
Liam Mehta,Sales Representative
Maya Tiwari,AI Engineer
Sanya Thakur,Environmental Engineer
Vikram Yadav,Strategy Consultant
Ovi Trivedi,Graphic Designer
Fatima Vishwakarma,Security Engineer
Hina Dubey,Pharmacy Technician
Chetan Tiwari,AI Engineer
Hina Parmar,Legal Counsel
Deepika Menon,Regulatory Affairs Specialist
Harshit Malhotra,Cloud Engineer
Zara Dwivedi,Machine Learning Engineer
Rohan Rana,Chemical Engineer
Maya Thakur,Energy Analyst
Nikhil Parmar,QA Engineer
William Bundela,Investment Analyst
Bhavna Trivedi,Animal Care Specialist
Ravi Patel,Business Development Manager
Yashika Saxena,Database Administrator
Dev Ali,Frontend Developer
Qadir Chauhan,Compliance Officer
Nikhil Shukla,Network Engineer
Harsh Tiwari,Strategy Consultant
Warda Rajput,Electrical Engineer
Ovi Malik,Data Analyst
Ved Thakur,Video Editor
Qadir Shukla,Penetration Tester
Ethan Rahman,Database Administrator
Harsh Bundela,Textile Engineer
Xavier Dubey,Environmental Scientist
Harsh Dubey,Nuclear Engineer
Esha Chandel,Mining Engineer
Bina Rajput,Event Coordinator
Pooja Tomar,Supply Chain Manager
Vedant Rajput,Event Coordinator
Jay Singh,Content Writer
Ojas Parmar,Biomedical Engineer
Warda Chandel,Petroleum Engineer
Mohan Tomar,Regulatory Affairs Specialist
Zain Verma,Procurement Specialist
Olivia Ali,Textile Engineer
Yashika Bundela,Architect
Esha Solanki,UX Designer
Xena Modi,Security Engineer
Uma Malhotra,Environmental Engineer
Yash Joshi,Physician Assistant
Bharat Singh,Chemical Engineer
Bhavya Chandel,Compliance Officer
Jaya Joshi,Dental Hygienist
Meera Chandel,Risk Analyst
Maya Chandel,Business Intelligence Analyst
Rahul Modi,Legal Counsel
Ira Sharma,Civil Engineer
Feroz Saxena,Occupational Therapist
Tanish Bhatt,Materials Engineer
Vikram Hassan,Technical Lead
Pranav Bundela,Healthcare Administrator
Lakshmi Chandel,Ocean Engineer
Deepika Solanki,Materials Engineer
Ira Tiwari,Research Analyst
Eva Trivedi,Materials Engineer
Uday Rana,Market Research Analyst
Pranav Dubey,Data Analyst
Olivia Kaur,Technical Lead
Harshit Pillai,Research Analyst
Zain Bhatt,Technical Lead
Yash Bundela,Nurse Practitioner
Tushar Patel,Frontend Developer
Uday Tiwari,Database Administrator
Urvi Shah,Content Writer
Aisha Bhat,Cloud Engineer
Yuvraj Vishwakarma,Backend Developer
Himanshu Bundela,Mechanical Engineer
Waseem Saxena,Healthcare Administrator
Hina Dwivedi,Veterinary Technician
Ovi Dwivedi,AI Engineer
Om Rahman,Wildlife Biologist
Naman Desai,Network Security Engineer
Hina Jadeja,Database Administrator
Gita Trivedi,Materials Engineer
Chirag Chauhan,UX Designer
Zara Bundela,IT Consultant
Vikram Mishra,Wildlife Biologist
Naveen Vishwakarma,Respiratory Therapist
Ira Tiwari,Nurse Practitioner
Laksh Modi,Sales Representative
Bhavna Kumar,Machine Learning Engineer
Mira Bundela,Photographer
Ved Bundela,Medical Assistant
Om Shukla,Financial Analyst
Fatima Hussain,Scrum Master
Aditya Khan,Physician Assistant
Lakshmi Singh,Materials Engineer
Dev Iyer,Business Development Manager
Gayatri Thakur,Content Writer
Ira Nayar,Investment Analyst
Uma Solanki,Cybersecurity Analyst
Ishaan Yadav,Software Engineer
Gauri Kumar,SEO Specialist
Ira Saxena,SEO Specialist
Urvi Yadav,Quality Assurance Manager
Olivia Kapoor,Environmental Engineer
Aanya Rathore,Clinical Research Associate
Fatima Reddy,Dental Hygienist
Rahul Trivedi,Animal Care Specialist
Maya Pillai,Environmental Engineer
Eva Iyer,Network Engineer
Aanya Bundela,Environmental Scientist
William Bundela,Medical Writer
Zoya Rana,Project Manager
Gauri Nayar,Frontend Developer
Lakshmi Pandit,Network Security Engineer
Gaurav Rajput,Investment Analyst
Arjun Gandhi,Renewable Energy Specialist
Laksh Trivedi,Medical Assistant
Jai Kumar,Event Coordinator
Sanya Mehta,Logistics Coordinator
Gaurav Kapoor,Animal Care Specialist
Aanya Yadav,Medical Writer
Neha Gupta,Investment Analyst
Aisha Desai,Petroleum Engineer
Chaya Gandhi,Human Resources Manager
Tanish Modi,Medical Transcriptionist
Samir Nayar,Mining Engineer
Aditya Ansari,Software Engineer
Arjun Chandel,Scrum Master
Pranav Mishra,Physical Therapist
Aisha Khan,Market Research Analyst
Pari Hassan,Compliance Officer
Harshit Dubey,Security Engineer
Hina Dubey,Medical Technologist
Sneha Nayar,Event Coordinator
Vedant Bundela,Regulatory Affairs Specialist
Jatin Bhat,Business Development Manager
Zain Trivedi,UX Designer
Chetan Trivedi,Nuclear Engineer
Ethan Bundela,Textile Engineer
Bhavna Chandel,Energy Analyst
Eva Mehta,Content Writer
Tara Gandhi,Electrical Engineer
Harsh Patel,Medical Writer
Laksh Parmar,Geological Engineer
Zara Chauhan,Operations Manager
Jay Kaur,Medical Technologist
Disha Nayar,Strategy Consultant
Naveen Thakur,UX Designer
Chetan Kapoor,Quality Assurance Manager
Jaya Thakur,Data Engineer
Bharat Mishra,Speech Language Pathologist
Mira Kapoor,Environmental Scientist
Aisha Bundela,IT Consultant
Pranav Modi,Scrum Master
Chirag Bundela,Medical Transcriptionist
Farhan Hassan,Food Engineer
Aanya Sharma,Occupational Therapist
Chetan Shukla,Mining Engineer
Yuvraj Solanki,Business Intelligence Analyst
Jai Modi,Clinical Research Associate
Fahad Tiwari,Machine Learning Engineer
Gauri Ahmed,Wildlife Biologist
Aanya Tiwari,SEO Specialist
Dev Desai,Database Administrator
Aarav Rathore,Dental Hygienist
Jatin Nair,Textile Engineer
Qadir Tomar,Market Research Analyst
Aadi Gandhi,SEO Specialist
Aanya Bundela,Security Engineer
Kavya Shukla,Biomedical Engineer
Ira Gandhi,Executive Assistant
Nikhil Vishwakarma,Photographer
Gita Shah,Occupational Therapist
Bina Rajput,Scrum Master
Esha Trivedi,Content Writer
Warda Rana,Agricultural Engineer
Vikram Bhat,Data Analyst
Pranav Solanki,Mechanical Engineer
Harshit Rathore,Executive Assistant
Esha Trivedi,Backend Developer
Xena Desai,DevOps Engineer
Pari Nayar,Software Engineer
Ira Chopra,Software Engineer
Ojas Mishra,Architect
Ethan Bhatt,Photographer
Jaya Ansari,Data Analyst
Rohan Dubey,Operations Manager
Aadi Shukla,Security Architect
Ira Malhotra,QA Engineer
Pooja Parmar,Legal Counsel
Gayatri Hussain,Business Analyst
Uma Malhotra,Medical Billing Specialist
Laksh Rahman,Procurement Specialist
Esha Shah,Medical Assistant
Zara Rana,Data Scientist
Sneha Saxena,Marketing Manager
Karan Shukla,Industrial Engineer
Aadi Mehta,Marketing Manager
Sanya Saxena,Medical Technologist
Zara Tiwari,Chemical Engineer
Aisha Rahman,Operations Manager
Mira Modi,Data Engineer
Ojas Yadav,Clinical Research Associate
Gita Joshi,Medical Transcriptionist
Gita Thakur,Legal Counsel
Waseem Ansari,Laboratory Technician
Yuvraj Parmar,Electrical Engineer
Tanish Vishwakarma,Biomedical Engineer
Bharat Rathore,Research Analyst
Pooja Mirza,Medical Technologist
Harshit Bundela,Ocean Engineer
Ira Mishra,Radiology Technician
Maya Chandel,Aerospace Engineer
Feroz Gandhi,Executive Assistant
Xavier Hussain,Speech Language Pathologist
Jatin Bundela,IT Consultant
Zain Patel,Veterinary Technician
Bharat Shah,Financial Analyst
Aanya Dubey,Graphic Designer
Ishaan Jadeja,Healthcare Administrator
Olivia Singh,Risk Analyst
Gaurav Mishra,Business Development Manager
Farhan Bhat,Sustainability Consultant
Aarav Rahman,Sustainability Consultant
Yashika Dwivedi,Procurement Specialist
Sanya Shah,Administrative Assistant
